68884,,
68025,2014-01-17T00:00:00.000+05:30,363
68505,2014-05-29T00:00:00.000+05:30,378
67898,2013-12-10T00:00:00.000+05:30,502
68038,2014-01-21T00:00:00.000+05:30,508
68102,2014-02-05T00:00:00.000+05:30,572
68835,2014-05-02T00:00:00.000+05:30,764
68284,2014-03-28T00:00:00.000+05:30,775
68738,2013-10-27T00:00:00.000+05:30,1100
68536,2014-06-08T00:00:00.000+05:30,1231
68313,2014-04-04T00:00:00.000+05:30,1392
67973,2014-01-02T00:00:00.000+05:30,1426
68859,2014-06-11T00:00:00.000+05:30,1428
67997,2014-01-09T00:00:00.000+05:30,1512
68612,2014-06-29T00:00:00.000+05:30,1614
68786,2014-01-19T00:00:00.000+05:30,1847
68652,2014-07-10T00:00:00.000+05:30,2163
68432,2014-05-09T00:00:00.000+05:30,2339
68713,2013-09-04T00:00:00.000+05:30,2361
68694,2013-07-29T00:00:00.000+05:30,2441
68457,2014-05-16T00:00:00.000+05:30,2562
68821,2014-04-05T00:00:00.000+05:30,2564
67981,2014-01-04T00:00:00.000+05:30,2582
67906,2013-12-13T00:00:00.000+05:30,2615
68114,2014-02-09T00:00:00.000+05:30,2752
68398,2014-04-28T00:00:00.000+05:30,2789
68136,2014-02-14T00:00:00.000+05:30,2793
68358,2014-04-18T00:00:00.000+05:30,2910
68022,2014-01-17T00:00:00.000+05:30,2997
68870,2014-06-26T00:00:00.000+05:30,3343
68872,2014-06-29T00:00:00.000+05:30,3354
68500,2014-05-27T00:00:00.000+05:30,3459
67914,2013-12-17T00:00:00.000+05:30,3591
68549,2014-06-12T00:00:00.000+05:30,3733
68575,2014-06-20T00:00:00.000+05:30,3873
68110,2014-02-08T00:00:00.000+05:30,3957
68813,2014-03-19T00:00:00.000+05:30,3988
68876,2014-07-06T00:00:00.000+05:30,4124
68262,2014-03-22T00:00:00.000+05:30,4221
68578,2014-06-21T00:00:00.000+05:30,4350
67938,2013-12-24T00:00:00.000+05:30,4381
68116,2014-02-10T00:00:00.000+05:30,4462
68433,2014-05-10T00:00:00.000+05:30,4557
68368,2014-04-21T00:00:00.000+05:30,4677
68634,2014-07-05T00:00:00.000+05:30,4730
68177,2014-02-25T00:00:00.000+05:30,4839
68696,2013-07-31T00:00:00.000+05:30,5155
67982,2014-01-04T00:00:00.000+05:30,5232
68688,2014-07-24T00:00:00.000+05:30,5296
68324,2014-04-08T00:00:00.000+05:30,5624
68793,2014-01-30T00:00:00.000+05:30,5654
68829,2014-04-22T00:00:00.000+05:30,5981
68046,2014-01-23T00:00:00.000+05:30,5987
68682,2014-07-21T00:00:00.000+05:30,6017
68305,2014-04-03T00:00:00.000+05:30,6167
68275,2014-03-25T00:00:00.000+05:30,6474
68233,2014-03-14T00:00:00.000+05:30,6525
68353,2014-04-17T00:00:00.000+05:30,6560
68227,2014-03-12T00:00:00.000+05:30,6806
68558,2014-06-14T00:00:00.000+05:30,6881
68834,2014-05-01T00:00:00.000+05:30,6938
68585,2014-06-23T00:00:00.000+05:30,6999
68728,2013-10-07T00:00:00.000+05:30,7267
68139,2014-02-15T00:00:00.000+05:30,7602
68279,2014-03-26T00:00:00.000+05:30,7677
68072,2014-01-30T00:00:00.000+05:30,7854
68823,2014-04-07T00:00:00.000+05:30,7864
68047,2014-01-23T00:00:00.000+05:30,8147
68197,2014-03-02T00:00:00.000+05:30,8430
68850,2014-05-25T00:00:00.000+05:30,8451
68736,2013-10-23T00:00:00.000+05:30,8462
67991,2014-01-08T00:00:00.000+05:30,8535
68357,2014-04-18T00:00:00.000+05:30,8539
68285,2014-03-29T00:00:00.000+05:30,8559
68604,2014-06-27T00:00:00.000+05:30,8652
68122,2014-02-11T00:00:00.000+05:30,8861
68364,2014-04-19T00:00:00.000+05:30,8929
68519,2014-06-04T00:00:00.000+05:30,9047
68395,2014-04-28T00:00:00.000+05:30,9263
68158,2014-02-19T00:00:00.000+05:30,9387
67926,2013-12-19T00:00:00.000+05:30,9548
68513,2014-06-01T00:00:00.000+05:30,9897
68403,2014-04-30T00:00:00.000+05:30,9957
68732,2013-10-14T00:00:00.000+05:30,9990
68839,2014-05-10T00:00:00.000+05:30,10090
68380,2014-04-23T00:00:00.000+05:30,10164
68040,2014-01-21T00:00:00.000+05:30,10320
68312,2014-04-04T00:00:00.000+05:30,10366
68802,2014-02-19T00:00:00.000+05:30,10670
68142,2014-02-16T00:00:00.000+05:30,10701
67958,2013-12-28T00:00:00.000+05:30,11005
68659,2014-07-14T00:00:00.000+05:30,11092
68133,2014-02-13T00:00:00.000+05:30,11227
68788,2014-01-23T00:00:00.000+05:30,11334
68638,2014-07-07T00:00:00.000+05:30,11631
68692,2013-07-26T00:00:00.000+05:30,11868
68295,2014-03-31T00:00:00.000+05:30,11949
68595,2014-06-25T00:00:00.000+05:30,12055
